{
  "1": 0.3068821116135756,
  "2": 0.41696183199773806,
  "3": 0.37931741506182554,
  "4": 0.5141633758045204,
  "5": 0.504772595750618,
  "6": 0.4755334801076684,
  "7": 0.5491216240786323,
  "8": 0.5847218482596107,
  "9": 0.6254282423926644,
  "10": 0.6078033898318499,
  "11": 0.7009679992431329,
  "12": 0.6580821160247512,
  "13": 0.6904821329723636,
  "14": 0.7437985648677727,
  "15": 0.7361357272830537,
  "16": 0.7558522975170814,
  "17": 0.7082694168055134,
  "18": 0.7914184887641997,
  "19": 0.7336446644775679,
  "20": 0.7529032800089894,
  "21": 0.7526754886802316,
  "22": 0.7465811093652946,
  "23": 0.7659800029911302,
  "24": 0.8221732264383641,
  "25": 0.812321203161071,
  "26": 0.6467225301256303,
  "27": 0.6557699863276989,
  "28": 0.7452854643152835,
  "29": 0.6696698969171185,
  "30": 0.6716526701295495,
  "31": 0.7609157177517242,
  "32": 0.63508445491756,
  "33": 0.7345869946681421,
  "34": 1,
  "36": 0.753472430739514,
  "38": 0.7044133862302497,
  "39": 0.7566638355124595,
  "43": 0.7636370797760631,
  "46": 0.6267704109916578,
  "53": 0.8170459779330992,
  "64": 0.4925158152181997
}
